translation,codeBlock
print '1' to the screen,const printNumber console.log('n')
print '2' to the screen,const printNumber console.log('2')
print '3' to the screen,const printNumber console.log('3')
print '4' to the screen,const printNumber console.log('4')
print '5' to the screen,const printNumber console.log('5')
print '6' to the screen,const printNumber console.log('6')
print '7' to the screen,const printNumber console.log('7')
print '8' to the screen,const printNumber console.log('8')
print '9' to the screen,const printNumber console.log('9')
print '10' to the screen,const printNumber console.log('10')
print '11' to the screen,const printNumber console.log('11')
print '12' to the screen,const printNumber console.log('12')
print '13' to the screen,const printNumber console.log('13')
print '14' to the screen,const printNumber console.log('14')
print '15' to the screen,const printNumber console.log('15')
print '16' to the screen,const printNumber console.log('16')
print '17' to the screen,const printNumber console.log('17')
print '18' to the screen,const printNumber console.log('18')
print '19' to the screen,const printNumber console.log('19')
print '20' to the screen,const printNumber console.log('20')
print '21' to the screen,const printNumber console.log('21')
print '22' to the screen,const printNumber console.log('22')
print '23' to the screen,const printNumber console.log('23')
print '24' to the screen,const printNumber console.log('24')
print '25' to the screen,const printNumber console.log('25')
print '26' to the screen,const printNumber console.log('26')
print '27' to the screen,const printNumber console.log('27')
print '28' to the screen,const printNumber console.log('28')
print '29' to the screen,const printNumber console.log('29')
print '30' to the screen,const printNumber console.log('30')
print '31' to the screen,const printNumber console.log('31')
print '32' to the screen,const printNumber console.log('32')
print '33' to the screen,const printNumber console.log('33')
print '34' to the screen,const printNumber console.log('34')
print '35' to the screen,const printNumber console.log('35')
print '36' to the screen,const printNumber console.log('36')
print '37' to the screen,const printNumber console.log('37')
print '38' to the screen,const printNumber console.log('38')
print '39' to the screen,const printNumber console.log('39')
print '40' to the screen,const printNumber console.log('40')
print '41' to the screen,const printNumber console.log('41')
print '42' to the screen,const printNumber console.log('42')
print '43' to the screen,const printNumber console.log('43')
print '44' to the screen,const printNumber console.log('44')
print '45' to the screen,const printNumber console.log('45')
print '46' to the screen,const printNumber console.log('46')
print '47' to the screen,const printNumber console.log('47')
print '48' to the screen,const printNumber console.log('48')
print '49' to the screen,const printNumber console.log('49')
print '50' to the screen,const printNumber console.log('50')
print '51' to the screen,const printNumber console.log('51')
print '52' to the screen,const printNumber console.log('52')
print '53' to the screen,const printNumber console.log('53')
print '54' to the screen,const printNumber console.log('54')
print '55' to the screen,const printNumber console.log('55')
print '56' to the screen,const printNumber console.log('56')
print '57' to the screen,const printNumber console.log('57')
print '58' to the screen,const printNumber console.log('58')
print '59' to the screen,const printNumber console.log('59')
print '60' to the screen,const printNumber console.log('60')
print '61' to the screen,const printNumber console.log('61')
print '62' to the screen,const printNumber console.log('62')
print '63' to the screen,const printNumber console.log('63')
print '64' to the screen,const printNumber console.log('64')
print '65' to the screen,const printNumber console.log('65')
print '66' to the screen,const printNumber console.log('66')
print '67' to the screen,const printNumber console.log('67')
print '68' to the screen,const printNumber console.log('68')
print '69' to the screen,const printNumber console.log('69')
print '70' to the screen,const printNumber console.log('70')
print '71' to the screen,const printNumber console.log('71')
print '72' to the screen,const printNumber console.log('72')
print '73' to the screen,const printNumber console.log('73')
print '74' to the screen,const printNumber console.log('74')
print '75' to the screen,const printNumber console.log('75')
print '76' to the screen,const printNumber console.log('76')
print '77' to the screen,const printNumber console.log('77')
print '78' to the screen,const printNumber console.log('78')
print '79' to the screen,const printNumber console.log('79')
print '80' to the screen,const printNumber console.log('80')
print '81' to the screen,const printNumber console.log('81')
print '82' to the screen,const printNumber console.log('82')
print '83' to the screen,const printNumber console.log('83')
print '84' to the screen,const printNumber console.log('84')
print '85' to the screen,const printNumber console.log('85')
print '86' to the screen,const printNumber console.log('86')
print '87' to the screen,const printNumber console.log('87')
print '88' to the screen,const printNumber console.log('88')
print '89' to the screen,const printNumber console.log('89')
print '90' to the screen,const printNumber console.log('90')
print '91' to the screen,const printNumber console.log('91')
print '92' to the screen,const printNumber console.log('92')
print '93' to the screen,const printNumber console.log('93')
print '94' to the screen,const printNumber console.log('94')
print '95' to the screen,const printNumber console.log('95')
print '96' to the screen,const printNumber console.log('96')
print '97' to the screen,const printNumber console.log('97')
print '98' to the screen,const printNumber console.log('98')
print '99' to the screen,const printNumber console.log('99')
print '100' to the screen,const printNumber console.log('100')
print '101' to the screen,const printNumber console.log('101')
print '102' to the screen,const printNumber console.log('102')
print '103' to the screen,const printNumber console.log('103')
print '104' to the screen,const printNumber console.log('104')
print '105' to the screen,const printNumber console.log('105')
print '106' to the screen,const printNumber console.log('106')
print '107' to the screen,const printNumber console.log('107')
print '108' to the screen,const printNumber console.log('108')
print '109' to the screen,const printNumber console.log('109')
print '110' to the screen,const printNumber console.log('110')
print '111' to the screen,const printNumber console.log('111')
print '112' to the screen,const printNumber console.log('112')
print '113' to the screen,const printNumber console.log('113')
print '114' to the screen,const printNumber console.log('114')
print '115' to the screen,const printNumber console.log('115')
print '116' to the screen,const printNumber console.log('116')
print '117' to the screen,const printNumber console.log('117')
print '118' to the screen,const printNumber console.log('118')
print '119' to the screen,const printNumber console.log('119')
print '120' to the screen,const printNumber console.log('120')
print '121' to the screen,const printNumber console.log('121')
print '122' to the screen,const printNumber console.log('122')
print '123' to the screen,const printNumber console.log('123')
print '124' to the screen,const printNumber console.log('124')
print '125' to the screen,const printNumber console.log('125')
print '126' to the screen,const printNumber console.log('126')
print '127' to the screen,const printNumber console.log('127')
print '128' to the screen,const printNumber console.log('128')
print '129' to the screen,const printNumber console.log('129')
print '130' to the screen,const printNumber console.log('130')
print '131' to the screen,const printNumber console.log('131')
print '132' to the screen,const printNumber console.log('132')
print '133' to the screen,const printNumber console.log('133')
print '134' to the screen,const printNumber console.log('134')
print '135' to the screen,const printNumber console.log('135')
print '136' to the screen,const printNumber console.log('136')
print '137' to the screen,const printNumber console.log('137')
print '138' to the screen,const printNumber console.log('138')
print '139' to the screen,const printNumber console.log('139')
print '140' to the screen,const printNumber console.log('140')
print '141' to the screen,const printNumber console.log('141')
print '142' to the screen,const printNumber console.log('142')
print '143' to the screen,const printNumber console.log('143')
print '144' to the screen,const printNumber console.log('144')
print '145' to the screen,const printNumber console.log('145')
print '146' to the screen,const printNumber console.log('146')
print '147' to the screen,const printNumber console.log('147')
print '148' to the screen,const printNumber console.log('148')
print '149' to the screen,const printNumber console.log('149')
print '150' to the screen,const printNumber console.log('150')
print '151' to the screen,const printNumber console.log('151')
print '152' to the screen,const printNumber console.log('152')
print '153' to the screen,const printNumber console.log('153')
print '154' to the screen,const printNumber console.log('154')
print '155' to the screen,const printNumber console.log('155')
print '156' to the screen,const printNumber console.log('156')
print '157' to the screen,const printNumber console.log('157')
print '158' to the screen,const printNumber console.log('158')
print '159' to the screen,const printNumber console.log('159')
print '160' to the screen,const printNumber console.log('160')
print '161' to the screen,const printNumber console.log('161')
print '162' to the screen,const printNumber console.log('162')
print '163' to the screen,const printNumber console.log('163')
print '164' to the screen,const printNumber console.log('164')
print '165' to the screen,const printNumber console.log('165')
print '166' to the screen,const printNumber console.log('166')
print '167' to the screen,const printNumber console.log('167')
print '168' to the screen,const printNumber console.log('168')
print '169' to the screen,const printNumber console.log('169')
print '170' to the screen,const printNumber console.log('170')
print '171' to the screen,const printNumber console.log('171')
print '172' to the screen,const printNumber console.log('172')
print '173' to the screen,const printNumber console.log('173')
print '174' to the screen,const printNumber console.log('174')
print '175' to the screen,const printNumber console.log('175')
print '176' to the screen,const printNumber console.log('176')
print '177' to the screen,const printNumber console.log('177')
print '178' to the screen,const printNumber console.log('178')
print '179' to the screen,const printNumber console.log('179')
print '180' to the screen,const printNumber console.log('180')
print '181' to the screen,const printNumber console.log('181')
print '182' to the screen,const printNumber console.log('182')
print '183' to the screen,const printNumber console.log('183')
print '184' to the screen,const printNumber console.log('184')
print '185' to the screen,const printNumber console.log('185')
print '186' to the screen,const printNumber console.log('186')
print '187' to the screen,const printNumber console.log('187')
print '188' to the screen,const printNumber console.log('188')
print '189' to the screen,const printNumber console.log('189')
print '190' to the screen,const printNumber console.log('190')
print '191' to the screen,const printNumber console.log('191')
print '192' to the screen,const printNumber console.log('192')
print '193' to the screen,const printNumber console.log('193')
print '194' to the screen,const printNumber console.log('194')
print '195' to the screen,const printNumber console.log('195')
print '196' to the screen,const printNumber console.log('196')
print '197' to the screen,const printNumber console.log('197')
print '198' to the screen,const printNumber console.log('198')
print '199' to the screen,const printNumber console.log('199')
print '200' to the screen,const printNumber console.log('200')
print '201' to the screen,const printNumber console.log('201')
print '202' to the screen,const printNumber console.log('202')
print '203' to the screen,const printNumber console.log('203')
print '204' to the screen,const printNumber console.log('204')
print '205' to the screen,const printNumber console.log('205')
print '206' to the screen,const printNumber console.log('206')
print '207' to the screen,const printNumber console.log('207')
print '208' to the screen,const printNumber console.log('208')
print '209' to the screen,const printNumber console.log('209')
print '210' to the screen,const printNumber console.log('210')
print '211' to the screen,const printNumber console.log('211')
print '212' to the screen,const printNumber console.log('212')
print '213' to the screen,const printNumber console.log('213')
print '214' to the screen,const printNumber console.log('214')
print '215' to the screen,const printNumber console.log('215')
print '216' to the screen,const printNumber console.log('216')
print '217' to the screen,const printNumber console.log('217')
print '218' to the screen,const printNumber console.log('218')
print '219' to the screen,const printNumber console.log('219')
print '220' to the screen,const printNumber console.log('220')
print '221' to the screen,const printNumber console.log('221')
print '222' to the screen,const printNumber console.log('222')
print '223' to the screen,const printNumber console.log('223')
print '224' to the screen,const printNumber console.log('224')
print '225' to the screen,const printNumber console.log('225')
print '226' to the screen,const printNumber console.log('226')
print '227' to the screen,const printNumber console.log('227')
print '228' to the screen,const printNumber console.log('228')
print '229' to the screen,const printNumber console.log('229')
print '230' to the screen,const printNumber console.log('230')
print '231' to the screen,const printNumber console.log('231')
print '232' to the screen,const printNumber console.log('232')
print '233' to the screen,const printNumber console.log('233')
print '234' to the screen,const printNumber console.log('234')
print '235' to the screen,const printNumber console.log('235')
print '236' to the screen,const printNumber console.log('236')
print '237' to the screen,const printNumber console.log('237')
print '238' to the screen,const printNumber console.log('238')
print '239' to the screen,const printNumber console.log('239')
print '240' to the screen,const printNumber console.log('240')
print '241' to the screen,const printNumber console.log('241')
print '242' to the screen,const printNumber console.log('242')
print '243' to the screen,const printNumber console.log('243')
print '244' to the screen,const printNumber console.log('244')
print '245' to the screen,const printNumber console.log('245')
print '246' to the screen,const printNumber console.log('246')
print '247' to the screen,const printNumber console.log('247')
print '248' to the screen,const printNumber console.log('248')
print '249' to the screen,const printNumber console.log('249')
print '250' to the screen,const printNumber console.log('250')
print '251' to the screen,const printNumber console.log('251')
print '252' to the screen,const printNumber console.log('252')
print '253' to the screen,const printNumber console.log('253')
print '254' to the screen,const printNumber console.log('254')
print '255' to the screen,const printNumber console.log('255')
print '256' to the screen,const printNumber console.log('256')
print '257' to the screen,const printNumber console.log('257')
print '258' to the screen,const printNumber console.log('258')
print '259' to the screen,const printNumber console.log('259')
print '260' to the screen,const printNumber console.log('260')
print '261' to the screen,const printNumber console.log('261')
print '262' to the screen,const printNumber console.log('262')
print '263' to the screen,const printNumber console.log('263')
print '264' to the screen,const printNumber console.log('264')
print '265' to the screen,const printNumber console.log('265')
print '266' to the screen,const printNumber console.log('266')
print '267' to the screen,const printNumber console.log('267')
print '268' to the screen,const printNumber console.log('268')
print '269' to the screen,const printNumber console.log('269')
print '270' to the screen,const printNumber console.log('270')
print '271' to the screen,const printNumber console.log('271')
print '272' to the screen,const printNumber console.log('272')
print '273' to the screen,const printNumber console.log('273')
print '274' to the screen,const printNumber console.log('274')
print '275' to the screen,const printNumber console.log('275')
print '276' to the screen,const printNumber console.log('276')
print '277' to the screen,const printNumber console.log('277')
print '278' to the screen,const printNumber console.log('278')
print '279' to the screen,const printNumber console.log('279')
print '280' to the screen,const printNumber console.log('280')
print '281' to the screen,const printNumber console.log('281')
print '282' to the screen,const printNumber console.log('282')
print '283' to the screen,const printNumber console.log('283')
print '284' to the screen,const printNumber console.log('284')
print '285' to the screen,const printNumber console.log('285')
print '286' to the screen,const printNumber console.log('286')
print '287' to the screen,const printNumber console.log('287')
print '288' to the screen,const printNumber console.log('288')
print '289' to the screen,const printNumber console.log('289')
print '290' to the screen,const printNumber console.log('290')
print '291' to the screen,const printNumber console.log('291')
print '292' to the screen,const printNumber console.log('292')
print '293' to the screen,const printNumber console.log('293')
print '294' to the screen,const printNumber console.log('294')
print '295' to the screen,const printNumber console.log('295')
print '296' to the screen,const printNumber console.log('296')
print '297' to the screen,const printNumber console.log('297')
print '298' to the screen,const printNumber console.log('298')
print '299' to the screen,const printNumber console.log('299')
print '300' to the screen,const printNumber console.log('300')
print '301' to the screen,const printNumber console.log('301')
print '302' to the screen,const printNumber console.log('302')
print '303' to the screen,const printNumber console.log('303')
print '304' to the screen,const printNumber console.log('304')
print '305' to the screen,const printNumber console.log('305')
print '306' to the screen,const printNumber console.log('306')
print '307' to the screen,const printNumber console.log('307')
print '308' to the screen,const printNumber console.log('308')
print '309' to the screen,const printNumber console.log('309')
print '310' to the screen,const printNumber console.log('310')
print '311' to the screen,const printNumber console.log('311')
print '312' to the screen,const printNumber console.log('312')
print '313' to the screen,const printNumber console.log('313')
print '314' to the screen,const printNumber console.log('314')
print '315' to the screen,const printNumber console.log('315')
print '316' to the screen,const printNumber console.log('316')
print '317' to the screen,const printNumber console.log('317')
print '318' to the screen,const printNumber console.log('318')
print '319' to the screen,const printNumber console.log('319')
print '320' to the screen,const printNumber console.log('320')
print '321' to the screen,const printNumber console.log('321')
print '322' to the screen,const printNumber console.log('322')
print '323' to the screen,const printNumber console.log('323')
print '324' to the screen,const printNumber console.log('324')
print '325' to the screen,const printNumber console.log('325')
print '326' to the screen,const printNumber console.log('326')
print '327' to the screen,const printNumber console.log('327')
print '328' to the screen,const printNumber console.log('328')
print '329' to the screen,const printNumber console.log('329')
print '330' to the screen,const printNumber console.log('330')
print '331' to the screen,const printNumber console.log('331')
print '332' to the screen,const printNumber console.log('332')
print '333' to the screen,const printNumber console.log('333')
print '334' to the screen,const printNumber console.log('334')
print '335' to the screen,const printNumber console.log('335')
print '336' to the screen,const printNumber console.log('336')
print '337' to the screen,const printNumber console.log('337')
print '338' to the screen,const printNumber console.log('338')
print '339' to the screen,const printNumber console.log('339')
print '340' to the screen,const printNumber console.log('340')
print '341' to the screen,const printNumber console.log('341')
print '342' to the screen,const printNumber console.log('342')
print '343' to the screen,const printNumber console.log('343')
print '344' to the screen,const printNumber console.log('344')
print '345' to the screen,const printNumber console.log('345')
print '346' to the screen,const printNumber console.log('346')
print '347' to the screen,const printNumber console.log('347')
print '348' to the screen,const printNumber console.log('348')
print '349' to the screen,const printNumber console.log('349')
print '350' to the screen,const printNumber console.log('350')
print '351' to the screen,const printNumber console.log('351')
print '352' to the screen,const printNumber console.log('352')
print '353' to the screen,const printNumber console.log('353')
print '354' to the screen,const printNumber console.log('354')
print '355' to the screen,const printNumber console.log('355')
print '356' to the screen,const printNumber console.log('356')
print '357' to the screen,const printNumber console.log('357')
print '358' to the screen,const printNumber console.log('358')
print '359' to the screen,const printNumber console.log('359')
print '360' to the screen,const printNumber console.log('360')
print '361' to the screen,const printNumber console.log('361')
print '362' to the screen,const printNumber console.log('362')
print '363' to the screen,const printNumber console.log('363')
print '364' to the screen,const printNumber console.log('364')
print '365' to the screen,const printNumber console.log('365')
print '366' to the screen,const printNumber console.log('366')
print '367' to the screen,const printNumber console.log('367')
print '368' to the screen,const printNumber console.log('368')
print '369' to the screen,const printNumber console.log('369')
print '370' to the screen,const printNumber console.log('370')
print '371' to the screen,const printNumber console.log('371')
print '372' to the screen,const printNumber console.log('372')
print '373' to the screen,const printNumber console.log('373')
print '374' to the screen,const printNumber console.log('374')
print '375' to the screen,const printNumber console.log('375')
print '376' to the screen,const printNumber console.log('376')
print '377' to the screen,const printNumber console.log('377')
print '378' to the screen,const printNumber console.log('378')
print '379' to the screen,const printNumber console.log('379')
print '380' to the screen,const printNumber console.log('380')
print '381' to the screen,const printNumber console.log('381')
print '382' to the screen,const printNumber console.log('382')
print '383' to the screen,const printNumber console.log('383')
print '384' to the screen,const printNumber console.log('384')
print '385' to the screen,const printNumber console.log('385')
print '386' to the screen,const printNumber console.log('386')
print '387' to the screen,const printNumber console.log('387')
print '388' to the screen,const printNumber console.log('388')
print '389' to the screen,const printNumber console.log('389')
print '390' to the screen,const printNumber console.log('390')
print '391' to the screen,const printNumber console.log('391')
print '392' to the screen,const printNumber console.log('392')
print '393' to the screen,const printNumber console.log('393')
print '394' to the screen,const printNumber console.log('394')
print '395' to the screen,const printNumber console.log('395')
print '396' to the screen,const printNumber console.log('396')
print '397' to the screen,const printNumber console.log('397')
print '398' to the screen,const printNumber console.log('398')
print '399' to the screen,const printNumber console.log('399')
print '400' to the screen,const printNumber console.log('400')
print '401' to the screen,const printNumber console.log('401')
print '402' to the screen,const printNumber console.log('402')
print '403' to the screen,const printNumber console.log('403')
print '404' to the screen,const printNumber console.log('404')
print '405' to the screen,const printNumber console.log('405')
print '406' to the screen,const printNumber console.log('406')
print '407' to the screen,const printNumber console.log('407')
print '408' to the screen,const printNumber console.log('408')
print '409' to the screen,const printNumber console.log('409')
print '410' to the screen,const printNumber console.log('410')
print '411' to the screen,const printNumber console.log('411')
print '412' to the screen,const printNumber console.log('412')
print '413' to the screen,const printNumber console.log('413')
print '414' to the screen,const printNumber console.log('414')
print '415' to the screen,const printNumber console.log('415')
print '416' to the screen,const printNumber console.log('416')
print '417' to the screen,const printNumber console.log('417')
print '418' to the screen,const printNumber console.log('418')
print '419' to the screen,const printNumber console.log('419')
print '420' to the screen,const printNumber console.log('420')
print '421' to the screen,const printNumber console.log('421')
print '422' to the screen,const printNumber console.log('422')
print '423' to the screen,const printNumber console.log('423')
print '424' to the screen,const printNumber console.log('424')
print '425' to the screen,const printNumber console.log('425')
print '426' to the screen,const printNumber console.log('426')
print '427' to the screen,const printNumber console.log('427')
print '428' to the screen,const printNumber console.log('428')
print '429' to the screen,const printNumber console.log('429')
print '430' to the screen,const printNumber console.log('430')
print '431' to the screen,const printNumber console.log('431')
print '432' to the screen,const printNumber console.log('432')
print '433' to the screen,const printNumber console.log('433')
print '434' to the screen,const printNumber console.log('434')
print '435' to the screen,const printNumber console.log('435')
print '436' to the screen,const printNumber console.log('436')
print '437' to the screen,const printNumber console.log('437')
print '438' to the screen,const printNumber console.log('438')
print '439' to the screen,const printNumber console.log('439')
print '440' to the screen,const printNumber console.log('440')
print '441' to the screen,const printNumber console.log('441')
print '442' to the screen,const printNumber console.log('442')
print '443' to the screen,const printNumber console.log('443')
print '444' to the screen,const printNumber console.log('444')
print '445' to the screen,const printNumber console.log('445')
print '446' to the screen,const printNumber console.log('446')
print '447' to the screen,const printNumber console.log('447')
print '448' to the screen,const printNumber console.log('448')
print '449' to the screen,const printNumber console.log('449')
print '450' to the screen,const printNumber console.log('450')
print '451' to the screen,const printNumber console.log('451')
print '452' to the screen,const printNumber console.log('452')
print '453' to the screen,const printNumber console.log('453')
print '454' to the screen,const printNumber console.log('454')
print '455' to the screen,const printNumber console.log('455')
print '456' to the screen,const printNumber console.log('456')
print '457' to the screen,const printNumber console.log('457')
print '458' to the screen,const printNumber console.log('458')
print '459' to the screen,const printNumber console.log('459')
print '460' to the screen,const printNumber console.log('460')
print '461' to the screen,const printNumber console.log('461')
print '462' to the screen,const printNumber console.log('462')
print '463' to the screen,const printNumber console.log('463')
print '464' to the screen,const printNumber console.log('464')
print '465' to the screen,const printNumber console.log('465')
print '466' to the screen,const printNumber console.log('466')
print '467' to the screen,const printNumber console.log('467')
print '468' to the screen,const printNumber console.log('468')
print '469' to the screen,const printNumber console.log('469')
print '470' to the screen,const printNumber console.log('470')
print '471' to the screen,const printNumber console.log('471')
print '472' to the screen,const printNumber console.log('472')
print '473' to the screen,const printNumber console.log('473')
print '474' to the screen,const printNumber console.log('474')
print '475' to the screen,const printNumber console.log('475')
print '476' to the screen,const printNumber console.log('476')
print '477' to the screen,const printNumber console.log('477')
print '478' to the screen,const printNumber console.log('478')
print '479' to the screen,const printNumber console.log('479')
print '480' to the screen,const printNumber console.log('480')
print '481' to the screen,const printNumber console.log('481')
print '482' to the screen,const printNumber console.log('482')
print '483' to the screen,const printNumber console.log('483')
print '484' to the screen,const printNumber console.log('484')
print '485' to the screen,const printNumber console.log('485')
print '486' to the screen,const printNumber console.log('486')
print '487' to the screen,const printNumber console.log('487')
print '488' to the screen,const printNumber console.log('488')
print '489' to the screen,const printNumber console.log('489')
print '490' to the screen,const printNumber console.log('490')
print '491' to the screen,const printNumber console.log('491')
print '492' to the screen,const printNumber console.log('492')
print '493' to the screen,const printNumber console.log('493')
print '494' to the screen,const printNumber console.log('494')
print '495' to the screen,const printNumber console.log('495')
print '496' to the screen,const printNumber console.log('496')
print '497' to the screen,const printNumber console.log('497')
print '498' to the screen,const printNumber console.log('498')
print '499' to the screen,const printNumber console.log('499')
print '500' to the screen,const printNumber console.log('500')
print '501' to the screen,const printNumber console.log('501')
print '502' to the screen,const printNumber console.log('502')
print '503' to the screen,const printNumber console.log('503')
print '504' to the screen,const printNumber console.log('504')
print '505' to the screen,const printNumber console.log('505')
print '506' to the screen,const printNumber console.log('506')
print '507' to the screen,const printNumber console.log('507')
print '508' to the screen,const printNumber console.log('508')
print '509' to the screen,const printNumber console.log('509')
print '510' to the screen,const printNumber console.log('510')
print '511' to the screen,const printNumber console.log('511')
print '512' to the screen,const printNumber console.log('512')
print '513' to the screen,const printNumber console.log('513')
print '514' to the screen,const printNumber console.log('514')
print '515' to the screen,const printNumber console.log('515')
print '516' to the screen,const printNumber console.log('516')
print '517' to the screen,const printNumber console.log('517')
print '518' to the screen,const printNumber console.log('518')
print '519' to the screen,const printNumber console.log('519')
print '520' to the screen,const printNumber console.log('520')
print '521' to the screen,const printNumber console.log('521')
print '522' to the screen,const printNumber console.log('522')
print '523' to the screen,const printNumber console.log('523')
print '524' to the screen,const printNumber console.log('524')
print '525' to the screen,const printNumber console.log('525')
print '526' to the screen,const printNumber console.log('526')
print '527' to the screen,const printNumber console.log('527')
print '528' to the screen,const printNumber console.log('528')
print '529' to the screen,const printNumber console.log('529')
print '530' to the screen,const printNumber console.log('530')
print '531' to the screen,const printNumber console.log('531')
print '532' to the screen,const printNumber console.log('532')
print '533' to the screen,const printNumber console.log('533')
print '534' to the screen,const printNumber console.log('534')
print '535' to the screen,const printNumber console.log('535')
print '536' to the screen,const printNumber console.log('536')
print '537' to the screen,const printNumber console.log('537')
print '538' to the screen,const printNumber console.log('538')
print '539' to the screen,const printNumber console.log('539')
print '540' to the screen,const printNumber console.log('540')
print '541' to the screen,const printNumber console.log('541')
print '542' to the screen,const printNumber console.log('542')
print '543' to the screen,const printNumber console.log('543')
print '544' to the screen,const printNumber console.log('544')
print '545' to the screen,const printNumber console.log('545')
print '546' to the screen,const printNumber console.log('546')
print '547' to the screen,const printNumber console.log('547')
print '548' to the screen,const printNumber console.log('548')
print '549' to the screen,const printNumber console.log('549')
print '550' to the screen,const printNumber console.log('550')
print '551' to the screen,const printNumber console.log('551')
print '552' to the screen,const printNumber console.log('552')
print '553' to the screen,const printNumber console.log('553')
print '554' to the screen,const printNumber console.log('554')
print '555' to the screen,const printNumber console.log('555')
print '556' to the screen,const printNumber console.log('556')
print '557' to the screen,const printNumber console.log('557')
print '558' to the screen,const printNumber console.log('558')
print '559' to the screen,const printNumber console.log('559')
print '560' to the screen,const printNumber console.log('560')
print '561' to the screen,const printNumber console.log('561')
print '562' to the screen,const printNumber console.log('562')
print '563' to the screen,const printNumber console.log('563')
print '564' to the screen,const printNumber console.log('564')
print '565' to the screen,const printNumber console.log('565')
print '566' to the screen,const printNumber console.log('566')
print '567' to the screen,const printNumber console.log('567')
print '568' to the screen,const printNumber console.log('568')
print '569' to the screen,const printNumber console.log('569')
print '570' to the screen,const printNumber console.log('570')
print '571' to the screen,const printNumber console.log('571')
print '572' to the screen,const printNumber console.log('572')
print '573' to the screen,const printNumber console.log('573')
print '574' to the screen,const printNumber console.log('574')
print '575' to the screen,const printNumber console.log('575')
print '576' to the screen,const printNumber console.log('576')
print '577' to the screen,const printNumber console.log('577')
print '578' to the screen,const printNumber console.log('578')
print '579' to the screen,const printNumber console.log('579')
print '580' to the screen,const printNumber console.log('580')
print '581' to the screen,const printNumber console.log('581')
print '582' to the screen,const printNumber console.log('582')
print '583' to the screen,const printNumber console.log('583')
print '584' to the screen,const printNumber console.log('584')
print '585' to the screen,const printNumber console.log('585')
print '586' to the screen,const printNumber console.log('586')
print '587' to the screen,const printNumber console.log('587')
print '588' to the screen,const printNumber console.log('588')
print '589' to the screen,const printNumber console.log('589')
print '590' to the screen,const printNumber console.log('590')
print '591' to the screen,const printNumber console.log('591')
print '592' to the screen,const printNumber console.log('592')
print '593' to the screen,const printNumber console.log('593')
print '594' to the screen,const printNumber console.log('594')
print '595' to the screen,const printNumber console.log('595')
print '596' to the screen,const printNumber console.log('596')
print '597' to the screen,const printNumber console.log('597')
print '598' to the screen,const printNumber console.log('598')
print '599' to the screen,const printNumber console.log('599')
print '600' to the screen,const printNumber console.log('600')
print '601' to the screen,const printNumber console.log('601')
print '602' to the screen,const printNumber console.log('602')
print '603' to the screen,const printNumber console.log('603')
print '604' to the screen,const printNumber console.log('604')
print '605' to the screen,const printNumber console.log('605')
print '606' to the screen,const printNumber console.log('606')
print '607' to the screen,const printNumber console.log('607')
print '608' to the screen,const printNumber console.log('608')
print '609' to the screen,const printNumber console.log('609')
print '610' to the screen,const printNumber console.log('610')
print '611' to the screen,const printNumber console.log('611')
print '612' to the screen,const printNumber console.log('612')
print '613' to the screen,const printNumber console.log('613')
print '614' to the screen,const printNumber console.log('614')
print '615' to the screen,const printNumber console.log('615')
print '616' to the screen,const printNumber console.log('616')
print '617' to the screen,const printNumber console.log('617')
print '618' to the screen,const printNumber console.log('618')
print '619' to the screen,const printNumber console.log('619')
print '620' to the screen,const printNumber console.log('620')
print '621' to the screen,const printNumber console.log('621')
print '622' to the screen,const printNumber console.log('622')
print '623' to the screen,const printNumber console.log('623')
print '624' to the screen,const printNumber console.log('624')
print '625' to the screen,const printNumber console.log('625')
print '626' to the screen,const printNumber console.log('626')
print '627' to the screen,const printNumber console.log('627')
print '628' to the screen,const printNumber console.log('628')
print '629' to the screen,const printNumber console.log('629')
print '630' to the screen,const printNumber console.log('630')
print '631' to the screen,const printNumber console.log('631')
print '632' to the screen,const printNumber console.log('632')
print '633' to the screen,const printNumber console.log('633')
print '634' to the screen,const printNumber console.log('634')
print '635' to the screen,const printNumber console.log('635')
print '636' to the screen,const printNumber console.log('636')
print '637' to the screen,const printNumber console.log('637')
print '638' to the screen,const printNumber console.log('638')
print '639' to the screen,const printNumber console.log('639')
print '640' to the screen,const printNumber console.log('640')
print '641' to the screen,const printNumber console.log('641')
print '642' to the screen,const printNumber console.log('642')
print '643' to the screen,const printNumber console.log('643')
print '644' to the screen,const printNumber console.log('644')
print '645' to the screen,const printNumber console.log('645')
print '646' to the screen,const printNumber console.log('646')
print '647' to the screen,const printNumber console.log('647')
print '648' to the screen,const printNumber console.log('648')
print '649' to the screen,const printNumber console.log('649')
print '650' to the screen,const printNumber console.log('650')
print '651' to the screen,const printNumber console.log('651')
print '652' to the screen,const printNumber console.log('652')
print '653' to the screen,const printNumber console.log('653')
print '654' to the screen,const printNumber console.log('654')
print '655' to the screen,const printNumber console.log('655')
print '656' to the screen,const printNumber console.log('656')
print '657' to the screen,const printNumber console.log('657')
print '658' to the screen,const printNumber console.log('658')
print '659' to the screen,const printNumber console.log('659')
print '660' to the screen,const printNumber console.log('660')
print '661' to the screen,const printNumber console.log('661')
print '662' to the screen,const printNumber console.log('662')
print '663' to the screen,const printNumber console.log('663')
print '664' to the screen,const printNumber console.log('664')
print '665' to the screen,const printNumber console.log('665')
print '666' to the screen,const printNumber console.log('666')
print '667' to the screen,const printNumber console.log('667')
print '668' to the screen,const printNumber console.log('668')
print '669' to the screen,const printNumber console.log('669')
print '670' to the screen,const printNumber console.log('670')
print '671' to the screen,const printNumber console.log('671')
print '672' to the screen,const printNumber console.log('672')
print '673' to the screen,const printNumber console.log('673')
print '674' to the screen,const printNumber console.log('674')
print '675' to the screen,const printNumber console.log('675')
print '676' to the screen,const printNumber console.log('676')
print '677' to the screen,const printNumber console.log('677')
print '678' to the screen,const printNumber console.log('678')
print '679' to the screen,const printNumber console.log('679')
print '680' to the screen,const printNumber console.log('680')
print '681' to the screen,const printNumber console.log('681')
print '682' to the screen,const printNumber console.log('682')
print '683' to the screen,const printNumber console.log('683')
print '684' to the screen,const printNumber console.log('684')
print '685' to the screen,const printNumber console.log('685')
print '686' to the screen,const printNumber console.log('686')
print '687' to the screen,const printNumber console.log('687')
print '688' to the screen,const printNumber console.log('688')
print '689' to the screen,const printNumber console.log('689')
print '690' to the screen,const printNumber console.log('690')
print '691' to the screen,const printNumber console.log('691')
print '692' to the screen,const printNumber console.log('692')
print '693' to the screen,const printNumber console.log('693')
print '694' to the screen,const printNumber console.log('694')
print '695' to the screen,const printNumber console.log('695')
print '696' to the screen,const printNumber console.log('696')
print '697' to the screen,const printNumber console.log('697')
print '698' to the screen,const printNumber console.log('698')
print '699' to the screen,const printNumber console.log('699')
print '700' to the screen,const printNumber console.log('700')
print '701' to the screen,const printNumber console.log('701')
print '702' to the screen,const printNumber console.log('702')
print '703' to the screen,const printNumber console.log('703')
print '704' to the screen,const printNumber console.log('704')
print '705' to the screen,const printNumber console.log('705')
print '706' to the screen,const printNumber console.log('706')
print '707' to the screen,const printNumber console.log('707')
print '708' to the screen,const printNumber console.log('708')
print '709' to the screen,const printNumber console.log('709')
print '710' to the screen,const printNumber console.log('710')
print '711' to the screen,const printNumber console.log('711')
print '712' to the screen,const printNumber console.log('712')
print '713' to the screen,const printNumber console.log('713')
print '714' to the screen,const printNumber console.log('714')
print '715' to the screen,const printNumber console.log('715')
print '716' to the screen,const printNumber console.log('716')
print '717' to the screen,const printNumber console.log('717')
print '718' to the screen,const printNumber console.log('718')
print '719' to the screen,const printNumber console.log('719')
print '720' to the screen,const printNumber console.log('720')
print '721' to the screen,const printNumber console.log('721')
print '722' to the screen,const printNumber console.log('722')
print '723' to the screen,const printNumber console.log('723')
print '724' to the screen,const printNumber console.log('724')
print '725' to the screen,const printNumber console.log('725')
print '726' to the screen,const printNumber console.log('726')
print '727' to the screen,const printNumber console.log('727')
print '728' to the screen,const printNumber console.log('728')
print '729' to the screen,const printNumber console.log('729')
print '730' to the screen,const printNumber console.log('730')
print '731' to the screen,const printNumber console.log('731')
print '732' to the screen,const printNumber console.log('732')
print '733' to the screen,const printNumber console.log('733')
print '734' to the screen,const printNumber console.log('734')
print '735' to the screen,const printNumber console.log('735')
print '736' to the screen,const printNumber console.log('736')
print '737' to the screen,const printNumber console.log('737')
print '738' to the screen,const printNumber console.log('738')
print '739' to the screen,const printNumber console.log('739')
print '740' to the screen,const printNumber console.log('740')
print '741' to the screen,const printNumber console.log('741')
print '742' to the screen,const printNumber console.log('742')
print '743' to the screen,const printNumber console.log('743')
print '744' to the screen,const printNumber console.log('744')
print '745' to the screen,const printNumber console.log('745')
print '746' to the screen,const printNumber console.log('746')
print '747' to the screen,const printNumber console.log('747')
print '748' to the screen,const printNumber console.log('748')
print '749' to the screen,const printNumber console.log('749')
print '750' to the screen,const printNumber console.log('750')
print '751' to the screen,const printNumber console.log('751')
print '752' to the screen,const printNumber console.log('752')
print '753' to the screen,const printNumber console.log('753')
print '754' to the screen,const printNumber console.log('754')
print '755' to the screen,const printNumber console.log('755')
print '756' to the screen,const printNumber console.log('756')
print '757' to the screen,const printNumber console.log('757')
print '758' to the screen,const printNumber console.log('758')
print '759' to the screen,const printNumber console.log('759')
print '760' to the screen,const printNumber console.log('760')
print '761' to the screen,const printNumber console.log('761')
print '762' to the screen,const printNumber console.log('762')
print '763' to the screen,const printNumber console.log('763')
print '764' to the screen,const printNumber console.log('764')
print '765' to the screen,const printNumber console.log('765')
print '766' to the screen,const printNumber console.log('766')
print '767' to the screen,const printNumber console.log('767')
print '768' to the screen,const printNumber console.log('768')
print '769' to the screen,const printNumber console.log('769')
print '770' to the screen,const printNumber console.log('770')
print '771' to the screen,const printNumber console.log('771')
print '772' to the screen,const printNumber console.log('772')
print '773' to the screen,const printNumber console.log('773')
print '774' to the screen,const printNumber console.log('774')
print '775' to the screen,const printNumber console.log('775')
print '776' to the screen,const printNumber console.log('776')
print '777' to the screen,const printNumber console.log('777')
print '778' to the screen,const printNumber console.log('778')
print '779' to the screen,const printNumber console.log('779')
print '780' to the screen,const printNumber console.log('780')
print '781' to the screen,const printNumber console.log('781')
print '782' to the screen,const printNumber console.log('782')
print '783' to the screen,const printNumber console.log('783')
print '784' to the screen,const printNumber console.log('784')
print '785' to the screen,const printNumber console.log('785')
print '786' to the screen,const printNumber console.log('786')
print '787' to the screen,const printNumber console.log('787')
print '788' to the screen,const printNumber console.log('788')
print '789' to the screen,const printNumber console.log('789')
print '790' to the screen,const printNumber console.log('790')
print '791' to the screen,const printNumber console.log('791')
print '792' to the screen,const printNumber console.log('792')
print '793' to the screen,const printNumber console.log('793')
print '794' to the screen,const printNumber console.log('794')
print '795' to the screen,const printNumber console.log('795')
print '796' to the screen,const printNumber console.log('796')
print '797' to the screen,const printNumber console.log('797')
print '798' to the screen,const printNumber console.log('798')
print '799' to the screen,const printNumber console.log('799')
print '800' to the screen,const printNumber console.log('800')
print '801' to the screen,const printNumber console.log('801')
print '802' to the screen,const printNumber console.log('802')
print '803' to the screen,const printNumber console.log('803')
print '804' to the screen,const printNumber console.log('804')
print '805' to the screen,const printNumber console.log('805')
print '806' to the screen,const printNumber console.log('806')
print '807' to the screen,const printNumber console.log('807')
print '808' to the screen,const printNumber console.log('808')
print '809' to the screen,const printNumber console.log('809')
print '810' to the screen,const printNumber console.log('810')
print '811' to the screen,const printNumber console.log('811')
print '812' to the screen,const printNumber console.log('812')
print '813' to the screen,const printNumber console.log('813')
print '814' to the screen,const printNumber console.log('814')
print '815' to the screen,const printNumber console.log('815')
print '816' to the screen,const printNumber console.log('816')
print '817' to the screen,const printNumber console.log('817')
print '818' to the screen,const printNumber console.log('818')
print '819' to the screen,const printNumber console.log('819')
print '820' to the screen,const printNumber console.log('820')
print '821' to the screen,const printNumber console.log('821')
print '822' to the screen,const printNumber console.log('822')
print '823' to the screen,const printNumber console.log('823')
print '824' to the screen,const printNumber console.log('824')
print '825' to the screen,const printNumber console.log('825')
print '826' to the screen,const printNumber console.log('826')
print '827' to the screen,const printNumber console.log('827')
print '828' to the screen,const printNumber console.log('828')
print '829' to the screen,const printNumber console.log('829')
print '830' to the screen,const printNumber console.log('830')
print '831' to the screen,const printNumber console.log('831')
print '832' to the screen,const printNumber console.log('832')
print '833' to the screen,const printNumber console.log('833')
print '834' to the screen,const printNumber console.log('834')
print '835' to the screen,const printNumber console.log('835')
print '836' to the screen,const printNumber console.log('836')
print '837' to the screen,const printNumber console.log('837')
print '838' to the screen,const printNumber console.log('838')
print '839' to the screen,const printNumber console.log('839')
print '840' to the screen,const printNumber console.log('840')
print '841' to the screen,const printNumber console.log('841')
print '842' to the screen,const printNumber console.log('842')
print '843' to the screen,const printNumber console.log('843')
print '844' to the screen,const printNumber console.log('844')
print '845' to the screen,const printNumber console.log('845')
print '846' to the screen,const printNumber console.log('846')
print '847' to the screen,const printNumber console.log('847')
print '848' to the screen,const printNumber console.log('848')
print '849' to the screen,const printNumber console.log('849')
print '850' to the screen,const printNumber console.log('850')
print '851' to the screen,const printNumber console.log('851')
print '852' to the screen,const printNumber console.log('852')
print '853' to the screen,const printNumber console.log('853')
print '854' to the screen,const printNumber console.log('854')
print '855' to the screen,const printNumber console.log('855')
print '856' to the screen,const printNumber console.log('856')
print '857' to the screen,const printNumber console.log('857')
print '858' to the screen,const printNumber console.log('858')
print '859' to the screen,const printNumber console.log('859')
print '860' to the screen,const printNumber console.log('860')
print '861' to the screen,const printNumber console.log('861')
print '862' to the screen,const printNumber console.log('862')
print '863' to the screen,const printNumber console.log('863')
print '864' to the screen,const printNumber console.log('864')
print '865' to the screen,const printNumber console.log('865')
print '866' to the screen,const printNumber console.log('866')
print '867' to the screen,const printNumber console.log('867')
print '868' to the screen,const printNumber console.log('868')
print '869' to the screen,const printNumber console.log('869')
print '870' to the screen,const printNumber console.log('870')
print '871' to the screen,const printNumber console.log('871')
print '872' to the screen,const printNumber console.log('872')
print '873' to the screen,const printNumber console.log('873')
print '874' to the screen,const printNumber console.log('874')
print '875' to the screen,const printNumber console.log('875')
print '876' to the screen,const printNumber console.log('876')
print '877' to the screen,const printNumber console.log('877')
print '878' to the screen,const printNumber console.log('878')
print '879' to the screen,const printNumber console.log('879')
print '880' to the screen,const printNumber console.log('880')
print '881' to the screen,const printNumber console.log('881')
print '882' to the screen,const printNumber console.log('882')
print '883' to the screen,const printNumber console.log('883')
print '884' to the screen,const printNumber console.log('884')
print '885' to the screen,const printNumber console.log('885')
print '886' to the screen,const printNumber console.log('886')
print '887' to the screen,const printNumber console.log('887')
print '888' to the screen,const printNumber console.log('888')
print '889' to the screen,const printNumber console.log('889')
print '890' to the screen,const printNumber console.log('890')
print '891' to the screen,const printNumber console.log('891')
print '892' to the screen,const printNumber console.log('892')
print '893' to the screen,const printNumber console.log('893')
print '894' to the screen,const printNumber console.log('894')
print '895' to the screen,const printNumber console.log('895')
print '896' to the screen,const printNumber console.log('896')
print '897' to the screen,const printNumber console.log('897')
print '898' to the screen,const printNumber console.log('898')
print '899' to the screen,const printNumber console.log('899')
print '900' to the screen,const printNumber console.log('900')
print '901' to the screen,const printNumber console.log('901')
print '902' to the screen,const printNumber console.log('902')
print '903' to the screen,const printNumber console.log('903')
print '904' to the screen,const printNumber console.log('904')
print '905' to the screen,const printNumber console.log('905')
print '906' to the screen,const printNumber console.log('906')
print '907' to the screen,const printNumber console.log('907')
print '908' to the screen,const printNumber console.log('908')
print '909' to the screen,const printNumber console.log('909')
print '910' to the screen,const printNumber console.log('910')
print '911' to the screen,const printNumber console.log('911')
print '912' to the screen,const printNumber console.log('912')
print '913' to the screen,const printNumber console.log('913')
print '914' to the screen,const printNumber console.log('914')
print '915' to the screen,const printNumber console.log('915')
print '916' to the screen,const printNumber console.log('916')
print '917' to the screen,const printNumber console.log('917')
print '918' to the screen,const printNumber console.log('918')
print '919' to the screen,const printNumber console.log('919')
print '920' to the screen,const printNumber console.log('920')
print '921' to the screen,const printNumber console.log('921')
print '922' to the screen,const printNumber console.log('922')
print '923' to the screen,const printNumber console.log('923')
print '924' to the screen,const printNumber console.log('924')
print '925' to the screen,const printNumber console.log('925')
print '926' to the screen,const printNumber console.log('926')
print '927' to the screen,const printNumber console.log('927')
print '928' to the screen,const printNumber console.log('928')
print '929' to the screen,const printNumber console.log('929')
print '930' to the screen,const printNumber console.log('930')
print '931' to the screen,const printNumber console.log('931')
print '932' to the screen,const printNumber console.log('932')
print '933' to the screen,const printNumber console.log('933')
print '934' to the screen,const printNumber console.log('934')
print '935' to the screen,const printNumber console.log('935')
print '936' to the screen,const printNumber console.log('936')
print '937' to the screen,const printNumber console.log('937')
print '938' to the screen,const printNumber console.log('938')
print '939' to the screen,const printNumber console.log('939')
print '940' to the screen,const printNumber console.log('940')
print '941' to the screen,const printNumber console.log('941')
print '942' to the screen,const printNumber console.log('942')
print '943' to the screen,const printNumber console.log('943')
print '944' to the screen,const printNumber console.log('944')
print '945' to the screen,const printNumber console.log('945')
print '946' to the screen,const printNumber console.log('946')
print '947' to the screen,const printNumber console.log('947')
print '948' to the screen,const printNumber console.log('948')
print '949' to the screen,const printNumber console.log('949')
print '950' to the screen,const printNumber console.log('950')
print '951' to the screen,const printNumber console.log('951')
print '952' to the screen,const printNumber console.log('952')
print '953' to the screen,const printNumber console.log('953')
print '954' to the screen,const printNumber console.log('954')
print '955' to the screen,const printNumber console.log('955')
print '956' to the screen,const printNumber console.log('956')
print '957' to the screen,const printNumber console.log('957')
print '958' to the screen,const printNumber console.log('958')
print '959' to the screen,const printNumber console.log('959')
print '960' to the screen,const printNumber console.log('960')
print '961' to the screen,const printNumber console.log('961')
print '962' to the screen,const printNumber console.log('962')
print '963' to the screen,const printNumber console.log('963')
print '964' to the screen,const printNumber console.log('964')
print '965' to the screen,const printNumber console.log('965')
print '966' to the screen,const printNumber console.log('966')
print '967' to the screen,const printNumber console.log('967')
print '968' to the screen,const printNumber console.log('968')
print '969' to the screen,const printNumber console.log('969')
print '970' to the screen,const printNumber console.log('970')
print '971' to the screen,const printNumber console.log('971')
print '972' to the screen,const printNumber console.log('972')
print '973' to the screen,const printNumber console.log('973')
print '974' to the screen,const printNumber console.log('974')
print '975' to the screen,const printNumber console.log('975')
print '976' to the screen,const printNumber console.log('976')
print '977' to the screen,const printNumber console.log('977')
print '978' to the screen,const printNumber console.log('978')
print '979' to the screen,const printNumber console.log('979')
print '980' to the screen,const printNumber console.log('980')
print '981' to the screen,const printNumber console.log('981')
print '982' to the screen,const printNumber console.log('982')
print '983' to the screen,const printNumber console.log('983')
print '984' to the screen,const printNumber console.log('984')
print '985' to the screen,const printNumber console.log('985')
print '986' to the screen,const printNumber console.log('986')
print '987' to the screen,const printNumber console.log('987')
print '988' to the screen,const printNumber console.log('988')
print '989' to the screen,const printNumber console.log('989')
print '990' to the screen,const printNumber console.log('990')
print '991' to the screen,const printNumber console.log('991')
print '992' to the screen,const printNumber console.log('992')
print '993' to the screen,const printNumber console.log('993')
print '994' to the screen,const printNumber console.log('994')
print '995' to the screen,const printNumber console.log('995')
print '996' to the screen,const printNumber console.log('996')
print '997' to the screen,const printNumber console.log('997')
print '998' to the screen,const printNumber console.log('998')
print '999' to the screen,const printNumber console.log('999')
print '1000' to the screen,const printNumber console.log('1000')
